tx_hash,block_number,block_timestamp,token_address,token_name,token_symbol,token_decimal,from_address,to_address,value
0x4543f448d465752b4a9b1e6871ea7ea40b07a20eba7294ae84add2ff8145db68,25985561,2026-09-15T21:30:35+00:00,0xdac17f958d2ee523a2206206994597c13d831ec7,Tether USD,USDT,6,0xe592427a0aece92de3edee1f18e0157c05861564,0xc7bbec68d12a0d1830360f8ec58fa599ba1b0e9b,14959078
0x4543f448d465752b4a9b1e6871ea7ea40b07a20eba7294ae84add2ff8145db68,25985561,2026-09-15T21:30:35+00:00,0xc02aaa39b223fe8d0a0e5c4f27ead9083c756cc2,Wrapped Ether,WETH,18,0xc7bbec68d12a0d1830360f8ec58fa599ba1b0e9b,0xe592427a0aece92de3edee1f18e0157c05861564,6235789785964059
0x4543f448d465752b4a9b1e6871ea7ea40b07a20eba7294ae84add2ff8145db68,25985561,2026-09-15T21:30:35+00:00,0xdac17f958d2ee523a2206206994597c13d831ec7,Tether USD,USDT,6,0xf0262866f9e0588f67d1a7936726fab0a75bb1a6,0xe592427a0aece92de3edee1f18e0157c05861564,14959078
0x714cdd8e1a8a157b95364521049efbfdc81f6a2fdc41274aae06b7096fa742a6,25985555,2026-09-15T21:29:23+00:00,0xc02aaa39b223fe8d0a0e5c4f27ead9083c756cc2,Wrapped Ether,WETH,18,0xe592427a0aece92de3edee1f18e0157c05861564,0x2982d3295a0e1a99e6e88ece0e93ffdfc5c761ae,173965103033343
0x714cdd8e1a8a157b95364521049efbfdc81f6a2fdc41274aae06b7096fa742a6,25985555,2026-09-15T21:29:23+00:00,0xc02aaa39b223fe8d0a0e5c4f27ead9083c756cc2,Wrapped Ether,WETH,18,0xd6a822d028bbf7b6edfa1533e110ee40c08551d9,0xe592427a0aece92de3edee1f18e0157c05861564,173965103033343
0x26cbe4d4a34b82b55e3a5af9e1abd7336e8e2c574a18e43afe44981b11a09bf2,25985554,2026-09-15T21:29:11+00:00,0xc02aaa39b223fe8d0a0e5c4f27ead9083c756cc2,Wrapped Ether,WETH,18,0xe592427a0aece92de3edee1f18e0157c05861564,0xa4ebfaa0171ab70fc8195226ca4660a49b736c6e,137760000000000000
0x02c26e91fb00f8de7a8af81535e3359bf3df874d3eb16eebd12b41d2cd49546b,25985553,2026-09-15T21:28:59+00:00,0xc02aaa39b223fe8d0a0e5c4f27ead9083c756cc2,Wrapped Ether,WETH,18,0xe592427a0aece92de3edee1f18e0157c05861564,0xfaa318479b7755b2dbfdd34dc306cb28b420ad12,161991360339308
0x02c26e91fb00f8de7a8af81535e3359bf3df874d3eb16eebd12b41d2cd49546b,25985553,2026-09-15T21:28:59+00:00,0x6b175474e89094c44da98b954eedeac495271d0f,Dai Stablecoin,DAI,18,0xe592427a0aece92de3edee1f18e0157c05861564,0x5777d92f208679db4b9778590fa3cab3ac9e2168,575517713170617878
0x02c26e91fb00f8de7a8af81535e3359bf3df874d3eb16eebd12b41d2cd49546b,25985553,2026-09-15T21:28:59+00:00,0xc02aaa39b223fe8d0a0e5c4f27ead9083c756cc2,Wrapped Ether,WETH,18,0xe592427a0aece92de3edee1f18e0157c05861564,0xa80964c5bbd1a0e95777094420555fead1a26c1e,239975618254624
0x02c26e91fb00f8de7a8af81535e3359bf3df874d3eb16eebd12b41d2cd49546b,25985553,2026-09-15T21:28:59+00:00,0x6b175474e89094c44da98b954eedeac495271d0f,Dai Stablecoin,DAI,18,0xa80964c5bbd1a0e95777094420555fead1a26c1e,0xe592427a0aece92de3edee1f18e0157c05861564,575517713170617878
0x022ec7039aa92d17946e39c449f90a59fe6889d4524f2eabd74f2b1cad41657b,25985541,2026-09-15T21:26:35+00:00,0xc02aaa39b223fe8d0a0e5c4f27ead9083c756cc2,Wrapped Ether,WETH,18,0xe592427a0aece92de3edee1f18e0157c05861564,0x88e6a0c2ddd26feeb64f039a2c41296fcb3f5640,194114560000000000
0x20e9bcf2f5c7d92cf79221a714811cff85392868687b88f0a0fb896d3947605f,25985538,2026-09-15T21:25:59+00:00,0xc02aaa39b223fe8d0a0e5c4f27ead9083c756cc2,Wrapped Ether,WETH,18,0xe0554a476a092703abdb3ef35c80e0d76d32939f,0xe592427a0aece92de3edee1f18e0157c05861564,3286405713277579
0x43c4aff36704166ae0f34df1ea5de0181ca7b1becf87ed21189faeef11ffb85d,25985520,2026-09-15T21:22:23+00:00,0xa0b86991c6218b36c1d19d4a2e9eb0ce3606eb48,USDC,USDC,6,0xe592427a0aece92de3edee1f18e0157c05861564,0x3416cf6c708da44db2624d63ea0aaef7113527c6,33295941
0x43c4aff36704166ae0f34df1ea5de0181ca7b1becf87ed21189faeef11ffb85d,25985520,2026-09-15T21:22:23+00:00,0xc02aaa39b223fe8d0a0e5c4f27ead9083c756cc2,Wrapped Ether,WETH,18,0xe592427a0aece92de3edee1f18e0157c05861564,0x88e6a0c2ddd26feeb64f039a2c41296fcb3f5640,13888000000000000
0x43c4aff36704166ae0f34df1ea5de0181ca7b1becf87ed21189faeef11ffb85d,25985520,2026-09-15T21:22:23+00:00,0xa0b86991c6218b36c1d19d4a2e9eb0ce3606eb48,USDC,USDC,6,0x88e6a0c2ddd26feeb64f039a2c41296fcb3f5640,0xe592427a0aece92de3edee1f18e0157c05861564,33295941
0x0dbe89a425bef1636996325dd921e00db690d4c31740810d527f38d5995725ba,25985519,2026-09-15T21:22:11+00:00,0xa0b86991c6218b36c1d19d4a2e9eb0ce3606eb48,USDC,USDC,6,0xe592427a0aece92de3edee1f18e0157c05861564,0xe0554a476a092703abdb3ef35c80e0d76d32939f,6237565
0x0dbe89a425bef1636996325dd921e00db690d4c31740810d527f38d5995725ba,25985519,2026-09-15T21:22:11+00:00,0xc02aaa39b223fe8d0a0e5c4f27ead9083c756cc2,Wrapped Ether,WETH,18,0xe0554a476a092703abdb3ef35c80e0d76d32939f,0xe592427a0aece92de3edee1f18e0157c05861564,2600970018786229
0x0dbe89a425bef1636996325dd921e00db690d4c31740810d527f38d5995725ba,25985519,2026-09-15T21:22:11+00:00,0xa0b86991c6218b36c1d19d4a2e9eb0ce3606eb48,USDC,USDC,6,0x3416cf6c708da44db2624d63ea0aaef7113527c6,0xe592427a0aece92de3edee1f18e0157c05861564,6237565
0xe11fdaecc2a1c9ab67fd3c0271f60c7ce5c980521a8ac67134ed6bb0ac9507c7,25985513,2026-09-15T21:20:59+00:00,0xc02aaa39b223fe8d0a0e5c4f27ead9083c756cc2,Wrapped Ether,WETH,18,0xe592427a0aece92de3edee1f18e0157c05861564,0x88e6a0c2ddd26feeb64f039a2c41296fcb3f5640,2976000000000000
0x87fbf4190b31bbf7bb144f4d5b30eeef75869d0da345797282d7cd15510f8b4a,25985510,2026-09-15T21:20:23+00:00,0xc02aaa39b223fe8d0a0e5c4f27ead9083c756cc2,Wrapped Ether,WETH,18,0xe592427a0aece92de3edee1f18e0157c05861564,0xe0554a476a092703abdb3ef35c80e0d76d32939f,26474091063984114
0x87fbf4190b31bbf7bb144f4d5b30eeef75869d0da345797282d7cd15510f8b4a,25985510,2026-09-15T21:20:23+00:00,0xc02aaa39b223fe8d0a0e5c4f27ead9083c756cc2,Wrapped Ether,WETH,18,0xe592427a0aece92de3edee1f18e0157c05861564,0xc7bbec68d12a0d1830360f8ec58fa599ba1b0e9b,29239240781508357
0xd25ad7b2d36cd86a84a5d01d2f271b5f8cc0e4c942f56e53c2bcdab1b59e9118,25985484,2026-09-15T21:15:11+00:00,0xc02aaa39b223fe8d0a0e5c4f27ead9083c756cc2,Wrapped Ether,WETH,18,0x4e68ccd3e89f51c3074ca5072bbac773960dfa36,0xe592427a0aece92de3edee1f18e0157c05861564,2058749255807294
0x364bc64f74547990c4990ad905144285af497951164ed63f3594e3d985b9c322,25985462,2026-09-15T21:10:47+00:00,0x2260fac5e5542a773aa44fbcfedf7c193bc2c599,Wrapped BTC,WBTC,8,0xe592427a0aece92de3edee1f18e0157c05861564,0x56534741cd8b152df6d48adf7ac51f75169a83b2,149000
0x364bc64f74547990c4990ad905144285af497951164ed63f3594e3d985b9c322,25985462,2026-09-15T21:10:47+00:00,0x2260fac5e5542a773aa44fbcfedf7c193bc2c599,Wrapped BTC,WBTC,8,0xe6ff8b9a37b0fab776134636d9981aa778c4e718,0xe592427a0aece92de3edee1f18e0157c05861564,149000
0x95e3f4d342c18c00ac161c2a9570f30fb044cd82e9e2d94b213d39d7df1e3991,25985417,2026-09-15T21:01:35+00:00,0xc02aaa39b223fe8d0a0e5c4f27ead9083c756cc2,Wrapped Ether,WETH,18,0xe592427a0aece92de3edee1f18e0157c05861564,0x11b815efb8f581194ae79006d24e0d814b7697f6,13677896605267868
0x95e3f4d342c18c00ac161c2a9570f30fb044cd82e9e2d94b213d39d7df1e3991,25985417,2026-09-15T21:01:35+00:00,0xc02aaa39b223fe8d0a0e5c4f27ead9083c756cc2,Wrapped Ether,WETH,18,0x109830a1aaad605bbf02a9dfa7b0b92ec2fb7daa,0xe592427a0aece92de3edee1f18e0157c05861564,13677896605267868
0x002b5d4aa09738382d28dcf3ccc72104fd590f0e41995ef46f8b6143add15edc,25985411,2026-09-15T21:00:23+00:00,0xc02aaa39b223fe8d0a0e5c4f27ead9083c756cc2,Wrapped Ether,WETH,18,0xa4ebfaa0171ab70fc8195226ca4660a49b736c6e,0xe592427a0aece92de3edee1f18e0157c05861564,79030164001092464
0xd8317e69499f469962a572ce8cfc68a120aeecb816b25d0fff13e0b426ae74f2,25985395,2026-09-15T20:57:11+00:00,0xa0b86991c6218b36c1d19d4a2e9eb0ce3606eb48,USDC,USDC,6,0xe592427a0aece92de3edee1f18e0157c05861564,0x3416cf6c708da44db2624d63ea0aaef7113527c6,210723432
0xd8317e69499f469962a572ce8cfc68a120aeecb816b25d0fff13e0b426ae74f2,25985395,2026-09-15T20:57:11+00:00,0xc02aaa39b223fe8d0a0e5c4f27ead9083c756cc2,Wrapped Ether,WETH,18,0xe592427a0aece92de3edee1f18e0157c05861564,0x88e6a0c2ddd26feeb64f039a2c41296fcb3f5640,87563840000000000
0xd8317e69499f469962a572ce8cfc68a120aeecb816b25d0fff13e0b426ae74f2,25985395,2026-09-15T20:57:11+00:00,0xa0b86991c6218b36c1d19d4a2e9eb0ce3606eb48,USDC,USDC,6,0x88e6a0c2ddd26feeb64f039a2c41296fcb3f5640,0xe592427a0aece92de3edee1f18e0157c05861564,210723432
0x81da03cf9b0e0c2ad7a118f7ba64d56112bfaa9b7f398a485945dbb736c37061,25985394,2026-09-15T20:56:59+00:00,0xc02aaa39b223fe8d0a0e5c4f27ead9083c756cc2,Wrapped Ether,WETH,18,0xa4ebfaa0171ab70fc8195226ca4660a49b736c6e,0xe592427a0aece92de3edee1f18e0157c05861564,96676958321714777
0x605399325982171aa0aa9959a2cc186a984ee11fd5aa4b524d2a27ecd412082d,25985392,2026-09-15T20:56:35+00:00,0xa0b86991c6218b36c1d19d4a2e9eb0ce3606eb48,USDC,USDC,6,0xe592427a0aece92de3edee1f18e0157c05861564,0x88e6a0c2ddd26feeb64f039a2c41296fcb3f5640,214304636
0x605399325982171aa0aa9959a2cc186a984ee11fd5aa4b524d2a27ecd412082d,25985392,2026-09-15T20:56:35+00:00,0xa0b86991c6218b36c1d19d4a2e9eb0ce3606eb48,USDC,USDC,6,0x3416cf6c708da44db2624d63ea0aaef7113527c6,0xe592427a0aece92de3edee1f18e0157c05861564,214304636
0x1bf7e91b4bc4852db68028f203f21b4f1f99e7303be6b82756a3ac5d9bb9f5cb,25985351,2026-09-15T20:48:23+00:00,0xc02aaa39b223fe8d0a0e5c4f27ead9083c756cc2,Wrapped Ether,WETH,18,0x1dd86410f15924601c49cd8a43a53b3430ebc53e,0xe592427a0aece92de3edee1f18e0157c05861564,1255132104873585
0x8be40001707b31e30e981b18945fd80a8b8c4717f6927de225de09d023f3eec8,25985349,2026-09-15T20:47:59+00:00,0x2260fac5e5542a773aa44fbcfedf7c193bc2c599,Wrapped BTC,WBTC,8,0xe592427a0aece92de3edee1f18e0157c05861564,0xe6ff8b9a37b0fab776134636d9981aa778c4e718,34919
0x8be40001707b31e30e981b18945fd80a8b8c4717f6927de225de09d023f3eec8,25985349,2026-09-15T20:47:59+00:00,0xc02aaa39b223fe8d0a0e5c4f27ead9083c756cc2,Wrapped Ether,WETH,18,0xe6ff8b9a37b0fab776134636d9981aa778c4e718,0xe592427a0aece92de3edee1f18e0157c05861564,10996296623751171
0x8be40001707b31e30e981b18945fd80a8b8c4717f6927de225de09d023f3eec8,25985349,2026-09-15T20:47:59+00:00,0x2260fac5e5542a773aa44fbcfedf7c193bc2c599,Wrapped BTC,WBTC,8,0x9a772018fbd77fcd2d25657e5c547baff3fd7d16,0xe592427a0aece92de3edee1f18e0157c05861564,34919
0xbedd40b1c621afe15eeecdb5652df539af2795ddee34e0145a872c518ef2e04d,25985309,2026-09-15T20:39:47+00:00,0xc02aaa39b223fe8d0a0e5c4f27ead9083c756cc2,Wrapped Ether,WETH,18,0x88e6a0c2ddd26feeb64f039a2c41296fcb3f5640,0xe592427a0aece92de3edee1f18e0157c05861564,26114062080819088
0x741903316d0a262d2227c41655d3daf2ff7a8e33cd05f9274421e7aced926ada,25985284,2026-09-15T20:34:47+00:00,0xc02aaa39b223fe8d0a0e5c4f27ead9083c756cc2,Wrapped Ether,WETH,18,0xe592427a0aece92de3edee1f18e0157c05861564,0xe0554a476a092703abdb3ef35c80e0d76d32939f,83203529868120184
0x741903316d0a262d2227c41655d3daf2ff7a8e33cd05f9274421e7aced926ada,25985284,2026-09-15T20:34:47+00:00,0xc02aaa39b223fe8d0a0e5c4f27ead9083c756cc2,Wrapped Ether,WETH,18,0x2f62f2b4c5fcd7570a709dec05d68ea19c82a9ec,0xe592427a0aece92de3edee1f18e0157c05861564,83203529868120184
0x55f17487977deb0c6f32c792456b7b98deec70b33f7ce963b280c0b9c8bff4a0,25985281,2026-09-15T20:34:11+00:00,0xc02aaa39b223fe8d0a0e5c4f27ead9083c756cc2,Wrapped Ether,WETH,18,0xe592427a0aece92de3edee1f18e0157c05861564,0xe0554a476a092703abdb3ef35c80e0d76d32939f,83372160706057568
0x55f17487977deb0c6f32c792456b7b98deec70b33f7ce963b280c0b9c8bff4a0,25985281,2026-09-15T20:34:11+00:00,0xdac17f958d2ee523a2206206994597c13d831ec7,Tether USD,USDT,6,0xe592427a0aece92de3edee1f18e0157c05861564,0xc7bbec68d12a0d1830360f8ec58fa599ba1b0e9b,200102272
0x55f17487977deb0c6f32c792456b7b98deec70b33f7ce963b280c0b9c8bff4a0,25985281,2026-09-15T20:34:11+00:00,0xc02aaa39b223fe8d0a0e5c4f27ead9083c756cc2,Wrapped Ether,WETH,18,0xc7bbec68d12a0d1830360f8ec58fa599ba1b0e9b,0xe592427a0aece92de3edee1f18e0157c05861564,83372160706057568
0x55f17487977deb0c6f32c792456b7b98deec70b33f7ce963b280c0b9c8bff4a0,25985281,2026-09-15T20:34:11+00:00,0xdac17f958d2ee523a2206206994597c13d831ec7,Tether USD,USDT,6,0xc30c8b862f7de6ba5d7eaeb113c78ec6b5ded04b,0xe592427a0aece92de3edee1f18e0157c05861564,200102272
0xc57d85e497597391d1742ef299a7e779a882b9c1ddec969e3ed3e6e6734a3ee1,25985263,2026-09-15T20:30:35+00:00,0xd4419c2d3daa986dc30444fa333a846be44fd1eb,ZIK coin,ZIK,18,0xe592427a0aece92de3edee1f18e0157c05861564,0xd7933e639d7fffca31ba9cf72fe497dad799db71,58193663766971848764425
0xc57d85e497597391d1742ef299a7e779a882b9c1ddec969e3ed3e6e6734a3ee1,25985263,2026-09-15T20:30:35+00:00,0xd4419c2d3daa986dc30444fa333a846be44fd1eb,ZIK coin,ZIK,18,0x3445bd0f362a2ac93a376a97695421bc7eeb0030,0xe592427a0aece92de3edee1f18e0157c05861564,58193663766971848764425
0xb70a74412209139bc6675183402873daa0927955a39e46e447d6fdb221662cd6,25985263,2026-09-15T20:30:35+00:00,0xc02aaa39b223fe8d0a0e5c4f27ead9083c756cc2,Wrapped Ether,WETH,18,0xe592427a0aece92de3edee1f18e0157c05861564,0x2982d3295a0e1a99e6e88ece0e93ffdfc5c761ae,20423604241878706
0xb70a74412209139bc6675183402873daa0927955a39e46e447d6fdb221662cd6,25985263,2026-09-15T20:30:35+00:00,0xc02aaa39b223fe8d0a0e5c4f27ead9083c756cc2,Wrapped Ether,WETH,18,0x88e6a0c2ddd26feeb64f039a2c41296fcb3f5640,0xe592427a0aece92de3edee1f18e0157c05861564,20423604241878706
0xe801ac1075b8d7e3944d27a485ef5ca4fc7793e2f8c4a9bb29ba391993311fb0,25985259,2026-09-15T20:29:47+00:00,0xc02aaa39b223fe8d0a0e5c4f27ead9083c756cc2,Wrapped Ether,WETH,18,0xe592427a0aece92de3edee1f18e0157c05861564,0x88e6a0c2ddd26feeb64f039a2c41296fcb3f5640,20864761167231256
0xe801ac1075b8d7e3944d27a485ef5ca4fc7793e2f8c4a9bb29ba391993311fb0,25985259,2026-09-15T20:29:47+00:00,0xc02aaa39b223fe8d0a0e5c4f27ead9083c756cc2,Wrapped Ether,WETH,18,0xaa6f403c1816cd60da685c7e0da2089a57403464,0xe592427a0aece92de3edee1f18e0157c05861564,20864761167231256
0x5830e96847e2082d5cca39d2e07a75c2cc62e5e44cee8cecd7d6b2a3799ba369,25985258,2026-09-15T20:29:35+00:00,0xc02aaa39b223fe8d0a0e5c4f27ead9083c756cc2,Wrapped Ether,WETH,18,0xe592427a0aece92de3edee1f18e0157c05861564,0x88e6a0c2ddd26feeb64f039a2c41296fcb3f5640,5181540152705738
0x5830e96847e2082d5cca39d2e07a75c2cc62e5e44cee8cecd7d6b2a3799ba369,25985258,2026-09-15T20:29:35+00:00,0xc02aaa39b223fe8d0a0e5c4f27ead9083c756cc2,Wrapped Ether,WETH,18,0xaa6f403c1816cd60da685c7e0da2089a57403464,0xe592427a0aece92de3edee1f18e0157c05861564,5181540152705738
0x40ca7f272d5ae1be1463650626542354e81b257d95a6061e788f29f42054ad24,25985244,2026-09-15T20:26:47+00:00,0xc02aaa39b223fe8d0a0e5c4f27ead9083c756cc2,Wrapped Ether,WETH,18,0xe592427a0aece92de3edee1f18e0157c05861564,0x07294086d6a7215797260301a41a69126f37323f,4134911760016505
0x40ca7f272d5ae1be1463650626542354e81b257d95a6061e788f29f42054ad24,25985244,2026-09-15T20:26:47+00:00,0xc02aaa39b223fe8d0a0e5c4f27ead9083c756cc2,Wrapped Ether,WETH,18,0xe0554a476a092703abdb3ef35c80e0d76d32939f,0xe592427a0aece92de3edee1f18e0157c05861564,4134911760016505
0xb0c5844e62389f3e69435408b92038fdd3304b6dda0d61d4db9b5dcbec976cdd,25985244,2026-09-15T20:26:47+00:00,0xc02aaa39b223fe8d0a0e5c4f27ead9083c756cc2,Wrapped Ether,WETH,18,0xe0554a476a092703abdb3ef35c80e0d76d32939f,0xe592427a0aece92de3edee1f18e0157c05861564,827346645787038
0xba338bce3f88bb6100d22df884c5dfc84097de270f35617a03dbfcc515055400,25985210,2026-09-15T20:19:59+00:00,0xc02aaa39b223fe8d0a0e5c4f27ead9083c756cc2,Wrapped Ether,WETH,18,0xe0554a476a092703abdb3ef35c80e0d76d32939f,0xe592427a0aece92de3edee1f18e0157c05861564,129749859970085027
0xba338bce3f88bb6100d22df884c5dfc84097de270f35617a03dbfcc515055400,25985210,2026-09-15T20:19:59+00:00,0xc02aaa39b223fe8d0a0e5c4f27ead9083c756cc2,Wrapped Ether,WETH,18,0xe592427a0aece92de3edee1f18e0157c05861564,0x5d4f3c6fa16908609bac31ff148bd002aa6b8c83,141932707828507719
0xba338bce3f88bb6100d22df884c5dfc84097de270f35617a03dbfcc515055400,25985210,2026-09-15T20:19:59+00:00,0xc02aaa39b223fe8d0a0e5c4f27ead9083c756cc2,Wrapped Ether,WETH,18,0xe0554a476a092703abdb3ef35c80e0d76d32939f,0xe592427a0aece92de3edee1f18e0157c05861564,141932707828507719
0xccca8708aa096b9329380e858d2e18f6ca7e3f3b8d3bbf129f24364e5cd68dcb,25985189,2026-09-15T20:15:47+00:00,0xc02aaa39b223fe8d0a0e5c4f27ead9083c756cc2,Wrapped Ether,WETH,18,0xe592427a0aece92de3edee1f18e0157c05861564,0x109830a1aaad605bbf02a9dfa7b0b92ec2fb7daa,13008923063437238
0xccca8708aa096b9329380e858d2e18f6ca7e3f3b8d3bbf129f24364e5cd68dcb,25985189,2026-09-15T20:15:47+00:00,0xc02aaa39b223fe8d0a0e5c4f27ead9083c756cc2,Wrapped Ether,WETH,18,0xc7bbec68d12a0d1830360f8ec58fa599ba1b0e9b,0xe592427a0aece92de3edee1f18e0157c05861564,13008923063437238
0x76395aa867a7de73386706f5b22150a5046649be199cffda148feda8b1d453e0,25985189,2026-09-15T20:15:47+00:00,0xa0b86991c6218b36c1d19d4a2e9eb0ce3606eb48,USDC,USDC,6,0xe592427a0aece92de3edee1f18e0157c05861564,0xe0554a476a092703abdb3ef35c80e0d76d32939f,526644346
0x76395aa867a7de73386706f5b22150a5046649be199cffda148feda8b1d453e0,25985189,2026-09-15T20:15:47+00:00,0xa0b86991c6218b36c1d19d4a2e9eb0ce3606eb48,USDC,USDC,6,0x7858e59e0c01ea06df3af3d20ac7b0003275d4bf,0xe592427a0aece92de3edee1f18e0157c05861564,526644346
0x1dfb78e0adb317c7ad66eac98e889c0b04a133645f4e92b630c6f539716cee6c,25985189,2026-09-15T20:15:47+00:00,0xa0b86991c6218b36c1d19d4a2e9eb0ce3606eb48,USDC,USDC,6,0xe592427a0aece92de3edee1f18e0157c05861564,0x88e6a0c2ddd26feeb64f039a2c41296fcb3f5640,99132364
0x1dfb78e0adb317c7ad66eac98e889c0b04a133645f4e92b630c6f539716cee6c,25985189,2026-09-15T20:15:47+00:00,0xa0b86991c6218b36c1d19d4a2e9eb0ce3606eb48,USDC,USDC,6,0x3416cf6c708da44db2624d63ea0aaef7113527c6,0xe592427a0aece92de3edee1f18e0157c05861564,99132364
0xf5dfa354a29584ebf8af5c86863ecc03640d1f2f1bbb1b7410c7060086f7761a,25985180,2026-09-15T20:13:59+00:00,0xc02aaa39b223fe8d0a0e5c4f27ead9083c756cc2,Wrapped Ether,WETH,18,0xe592427a0aece92de3edee1f18e0157c05861564,0xfaa318479b7755b2dbfdd34dc306cb28b420ad12,221454940319429934
0xf5dfa354a29584ebf8af5c86863ecc03640d1f2f1bbb1b7410c7060086f7761a,25985180,2026-09-15T20:13:59+00:00,0xc02aaa39b223fe8d0a0e5c4f27ead9083c756cc2,Wrapped Ether,WETH,18,0xe0554a476a092703abdb3ef35c80e0d76d32939f,0xe592427a0aece92de3edee1f18e0157c05861564,221454940319429934
0x9d55cb44361879b6b76cc986b2a6ca4973044e67cb89403d5abf2067b1ce545c,25985162,2026-09-15T20:10:23+00:00,0xc02aaa39b223fe8d0a0e5c4f27ead9083c756cc2,Wrapped Ether,WETH,18,0xe592427a0aece92de3edee1f18e0157c05861564,0x11b815efb8f581194ae79006d24e0d814b7697f6,738457890763170218
0x9d55cb44361879b6b76cc986b2a6ca4973044e67cb89403d5abf2067b1ce545c,25985162,2026-09-15T20:10:23+00:00,0xc02aaa39b223fe8d0a0e5c4f27ead9083c756cc2,Wrapped Ether,WETH,18,0x109830a1aaad605bbf02a9dfa7b0b92ec2fb7daa,0xe592427a0aece92de3edee1f18e0157c05861564,738457890763170218
0xaf3669a91f0fed0afa72c46c0baf4f780c1da65df8ff0c2998f198017d1aaca1,25985158,2026-09-15T20:09:35+00:00,0xa0b86991c6218b36c1d19d4a2e9eb0ce3606eb48,USDC,USDC,6,0xe592427a0aece92de3edee1f18e0157c05861564,0xe0554a476a092703abdb3ef35c80e0d76d32939f,55
0xaf3669a91f0fed0afa72c46c0baf4f780c1da65df8ff0c2998f198017d1aaca1,25985158,2026-09-15T20:09:35+00:00,0xa0b86991c6218b36c1d19d4a2e9eb0ce3606eb48,USDC,USDC,6,0x084565106618419274beed1b4ad4bdff77c5f90f,0xe592427a0aece92de3edee1f18e0157c05861564,55
0xaf3669a91f0fed0afa72c46c0baf4f780c1da65df8ff0c2998f198017d1aaca1,25985158,2026-09-15T20:09:35+00:00,0xa0b86991c6218b36c1d19d4a2e9eb0ce3606eb48,USDC,USDC,6,0xe592427a0aece92de3edee1f18e0157c05861564,0xe0554a476a092703abdb3ef35c80e0d76d32939f,27
0xaf3669a91f0fed0afa72c46c0baf4f780c1da65df8ff0c2998f198017d1aaca1,25985158,2026-09-15T20:09:35+00:00,0xa0b86991c6218b36c1d19d4a2e9eb0ce3606eb48,USDC,USDC,6,0x084565106618419274beed1b4ad4bdff77c5f90f,0xe592427a0aece92de3edee1f18e0157c05861564,27
0x2b41b71ea185a6b9d2b0432d1f18c7d5e9bacfd3a4610aa3be26b69f1cfe7e16,25985153,2026-09-15T20:08:35+00:00,0xc02aaa39b223fe8d0a0e5c4f27ead9083c756cc2,Wrapped Ether,WETH,18,0xe592427a0aece92de3edee1f18e0157c05861564,0xc45a81bc23a64ea556ab4cdf08a86b61cdceea8b,2435702763783051
0x93cdd05c1def8d613ef9e7cd064eed7626d6c11a901478577bbcb374bf34c878,25985134,2026-09-15T20:04:47+00:00,0xc02aaa39b223fe8d0a0e5c4f27ead9083c756cc2,Wrapped Ether,WETH,18,0xe592427a0aece92de3edee1f18e0157c05861564,0xe0554a476a092703abdb3ef35c80e0d76d32939f,8520729680133527
0x10581ffcbffc6312370d5caabfedf06b0a371e0df50ae7917e7fbae8918d1620,25985130,2026-09-15T20:03:59+00:00,0xc02aaa39b223fe8d0a0e5c4f27ead9083c756cc2,Wrapped Ether,WETH,18,0xe592427a0aece92de3edee1f18e0157c05861564,0xfaa318479b7755b2dbfdd34dc306cb28b420ad12,83122151744258381
0x10581ffcbffc6312370d5caabfedf06b0a371e0df50ae7917e7fbae8918d1620,25985130,2026-09-15T20:03:59+00:00,0xc02aaa39b223fe8d0a0e5c4f27ead9083c756cc2,Wrapped Ether,WETH,18,0xe0554a476a092703abdb3ef35c80e0d76d32939f,0xe592427a0aece92de3edee1f18e0157c05861564,83122151744258381
0x5454f719ebda8e1a2e2413767f5244cc8035d37704f9531e99abc6b0958c54ff,25985121,2026-09-15T20:02:11+00:00,0xc02aaa39b223fe8d0a0e5c4f27ead9083c756cc2,Wrapped Ether,WETH,18,0xe592427a0aece92de3edee1f18e0157c05861564,0x88e6a0c2ddd26feeb64f039a2c41296fcb3f5640,3442240000000000
0x7203ee505a8685cf77beee15666b71eaac123b1a30d4222ed452dfd73b1527ce,25985117,2026-09-15T20:01:23+00:00,0xc02aaa39b223fe8d0a0e5c4f27ead9083c756cc2,Wrapped Ether,WETH,18,0xe592427a0aece92de3edee1f18e0157c05861564,0x88e6a0c2ddd26feeb64f039a2c41296fcb3f5640,20927733220367475
0x7203ee505a8685cf77beee15666b71eaac123b1a30d4222ed452dfd73b1527ce,25985117,2026-09-15T20:01:23+00:00,0xc02aaa39b223fe8d0a0e5c4f27ead9083c756cc2,Wrapped Ether,WETH,18,0x33f6e97ea6f5dfa6691176b33ad5677e08fb6b38,0xe592427a0aece92de3edee1f18e0157c05861564,20927733220367475
0x59b86177359e53e4e69c335741ec3046cd93664755902a9397f3ba9bd47d82db,25985100,2026-09-15T19:57:59+00:00,0xc02aaa39b223fe8d0a0e5c4f27ead9083c756cc2,Wrapped Ether,WETH,18,0xe592427a0aece92de3edee1f18e0157c05861564,0x582b074e1016e8774d91dbf5c88e9859a6c7e7d8,273659451667490
0x6f4beda8d56fbf640ce8f816a97f867b8d0559870ae1206353e9e144352c1f17,25985093,2026-09-15T19:56:35+00:00,0x6b175474e89094c44da98b954eedeac495271d0f,Dai Stablecoin,DAI,18,0xe592427a0aece92de3edee1f18e0157c05861564,0x60594a405d53811d3bc4766596efd80fd545a270,7722605600903119490
0x6f4beda8d56fbf640ce8f816a97f867b8d0559870ae1206353e9e144352c1f17,25985093,2026-09-15T19:56:35+00:00,0xc02aaa39b223fe8d0a0e5c4f27ead9083c756cc2,Wrapped Ether,WETH,18,0x60594a405d53811d3bc4766596efd80fd545a270,0xe592427a0aece92de3edee1f18e0157c05861564,3205235993919302
0x6f4beda8d56fbf640ce8f816a97f867b8d0559870ae1206353e9e144352c1f17,25985093,2026-09-15T19:56:35+00:00,0x6b175474e89094c44da98b954eedeac495271d0f,Dai Stablecoin,DAI,18,0x5777d92f208679db4b9778590fa3cab3ac9e2168,0xe592427a0aece92de3edee1f18e0157c05861564,7722605600903119490
0xb86cde98df3c254c3aef38c24c7177439175ef552c66a8ba31cd2c2161c18f72,25985068,2026-09-15T19:51:35+00:00,0xdac17f958d2ee523a2206206994597c13d831ec7,Tether USD,USDT,6,0xe592427a0aece92de3edee1f18e0157c05861564,0x3416cf6c708da44db2624d63ea0aaef7113527c6,71183441
0xb86cde98df3c254c3aef38c24c7177439175ef552c66a8ba31cd2c2161c18f72,25985068,2026-09-15T19:51:35+00:00,0xdac17f958d2ee523a2206206994597c13d831ec7,Tether USD,USDT,6,0x435664008f38b0650fbc1c9fc971d0a3bc2f1e47,0xe592427a0aece92de3edee1f18e0157c05861564,71183441
0x47937b25b62e353f1fa84bff019f4864c034f88044ed2ffc2d8fde1b4cfba9e4,25985067,2026-09-15T19:51:23+00:00,0xdac17f958d2ee523a2206206994597c13d831ec7,Tether USD,USDT,6,0xe592427a0aece92de3edee1f18e0157c05861564,0x3416cf6c708da44db2624d63ea0aaef7113527c6,71295482
0x47937b25b62e353f1fa84bff019f4864c034f88044ed2ffc2d8fde1b4cfba9e4,25985067,2026-09-15T19:51:23+00:00,0xdac17f958d2ee523a2206206994597c13d831ec7,Tether USD,USDT,6,0x435664008f38b0650fbc1c9fc971d0a3bc2f1e47,0xe592427a0aece92de3edee1f18e0157c05861564,71295482
0x68713f7b9833cd2d7e51e198df26af82358703cdc21b25373653c93a3fd6b5c9,25985067,2026-09-15T19:51:23+00:00,0xdac17f958d2ee523a2206206994597c13d831ec7,Tether USD,USDT,6,0xe592427a0aece92de3edee1f18e0157c05861564,0x3416cf6c708da44db2624d63ea0aaef7113527c6,71319168
0x68713f7b9833cd2d7e51e198df26af82358703cdc21b25373653c93a3fd6b5c9,25985067,2026-09-15T19:51:23+00:00,0xdac17f958d2ee523a2206206994597c13d831ec7,Tether USD,USDT,6,0x435664008f38b0650fbc1c9fc971d0a3bc2f1e47,0xe592427a0aece92de3edee1f18e0157c05861564,71319168
0x7a88d01efafba95f8ac12bff85dbaaf24e30dbbe60691561be4fe4ff4c86d009,25985055,2026-09-15T19:48:59+00:00,0x6b175474e89094c44da98b954eedeac495271d0f,Dai Stablecoin,DAI,18,0xe592427a0aece92de3edee1f18e0157c05861564,0x60594a405d53811d3bc4766596efd80fd545a270,274333248533840
0x7a88d01efafba95f8ac12bff85dbaaf24e30dbbe60691561be4fe4ff4c86d009,25985055,2026-09-15T19:48:59+00:00,0xc02aaa39b223fe8d0a0e5c4f27ead9083c756cc2,Wrapped Ether,WETH,18,0x60594a405d53811d3bc4766596efd80fd545a270,0xe592427a0aece92de3edee1f18e0157c05861564,114044767474
0x7a88d01efafba95f8ac12bff85dbaaf24e30dbbe60691561be4fe4ff4c86d009,25985055,2026-09-15T19:48:59+00:00,0x6b175474e89094c44da98b954eedeac495271d0f,Dai Stablecoin,DAI,18,0xa63b490aa077f541c9d64bfc1cc0db2a752157b5,0xe592427a0aece92de3edee1f18e0157c05861564,274333248533840
0xdc106b55f4fe2f8f93bbc08ea79fabf7b8b30a708bdf52ddf5af19b51be9f73c,25985030,2026-09-15T19:43:59+00:00,0xf19308f923582a6f7c465e5ce7a9dc1bec6665b1,TITAN X,TITANX,18,0xe592427a0aece92de3edee1f18e0157c05861564,0xc45a81bc23a64ea556ab4cdf08a86b61cdceea8b,1991068905315646056688928032
0xdc106b55f4fe2f8f93bbc08ea79fabf7b8b30a708bdf52ddf5af19b51be9f73c,25985030,2026-09-15T19:43:59+00:00,0xf19308f923582a6f7c465e5ce7a9dc1bec6665b1,TITAN X,TITANX,18,0x99f60479da6a49d55eba34893958cdaacc710ee9,0xe592427a0aece92de3edee1f18e0157c05861564,1991068905315646056688928032
0xa174b102500132be270e8b96a1b3537bba9b39d1c3450eba1c2c37a46a04c39e,25985024,2026-09-15T19:42:47+00:00,0xa0b86991c6218b36c1d19d4a2e9eb0ce3606eb48,USDC,USDC,6,0xe592427a0aece92de3edee1f18e0157c05861564,0x3416cf6c708da44db2624d63ea0aaef7113527c6,95690644
0xa174b102500132be270e8b96a1b3537bba9b39d1c3450eba1c2c37a46a04c39e,25985024,2026-09-15T19:42:47+00:00,0xc02aaa39b223fe8d0a0e5c4f27ead9083c756cc2,Wrapped Ether,WETH,18,0xe592427a0aece92de3edee1f18e0157c05861564,0x88e6a0c2ddd26feeb64f039a2c41296fcb3f5640,39829833866736008
0xa174b102500132be270e8b96a1b3537bba9b39d1c3450eba1c2c37a46a04c39e,25985024,2026-09-15T19:42:47+00:00,0xa0b86991c6218b36c1d19d4a2e9eb0ce3606eb48,USDC,USDC,6,0x88e6a0c2ddd26feeb64f039a2c41296fcb3f5640,0xe592427a0aece92de3edee1f18e0157c05861564,95690644
0xe3622badee150a14ed79e0001226104426a7273a9271e5c9a99b5fa4a6311c9b,25985020,2026-09-15T19:41:59+00:00,0xa0b86991c6218b36c1d19d4a2e9eb0ce3606eb48,USDC,USDC,6,0xe592427a0aece92de3edee1f18e0157c05861564,0x3416cf6c708da44db2624d63ea0aaef7113527c6,21449326
0xe3622badee150a14ed79e0001226104426a7273a9271e5c9a99b5fa4a6311c9b,25985020,2026-09-15T19:41:59+00:00,0xc02aaa39b223fe8d0a0e5c4f27ead9083c756cc2,Wrapped Ether,WETH,18,0xe592427a0aece92de3edee1f18e0157c05861564,0x88e6a0c2ddd26feeb64f039a2c41296fcb3f5640,8928000000000000
0xe3622badee150a14ed79e0001226104426a7273a9271e5c9a99b5fa4a6311c9b,25985020,2026-09-15T19:41:59+00:00,0xa0b86991c6218b36c1d19d4a2e9eb0ce3606eb48,USDC,USDC,6,0x88e6a0c2ddd26feeb64f039a2c41296fcb3f5640,0xe592427a0aece92de3edee1f18e0157c05861564,21449326
