tx_hash,from_address,to_address,value,gas,gas_price,block_number,block_timestamp,nonce,is_contract_creation
0xe695617474640b456aaea19a3e206a6b68075b21c0e1bd6e76c4f5384a4ca2a2,0xf18d517e29b326e054404ab8673cb640fb8ab652,0xe592427a0aece92de3edee1f18e0157c05861564,0,300000,73329638,25985564,2026-09-15T21:31:11+00:00,3082,1
0x196fec12977521069020af8116376e735ed8e70bbdb854d8569db2094457fafb,0xe455fc5b0e46bb3fc17d09d75d6092c803316ba9,0xe592427a0aece92de3edee1f18e0157c05861564,0,300000,73329638,25985564,2026-09-15T21:31:11+00:00,2987,1
0x044effd75eb52154bbc68a409a05ffac7a011a75358f9f29f1de9bae7eb6a22d,0x2c618c80788d7d708cbfda507ce452ca1fa06812,0xe592427a0aece92de3edee1f18e0157c05861564,0,300000,73329638,25985564,2026-09-15T21:31:11+00:00,2993,1
0x66cdaa0cc1e0a5d82816c59356a69d1e7f91f34c638791aa02448dc2ed4b082b,0x12d2b8ac38c59758a062a9f757f2740461779439,0xe592427a0aece92de3edee1f18e0157c05861564,0,600000,258614711,25985562,2026-09-15T21:30:47+00:00,250808,1
0x98f333f5d6570f7ad0a652b5992a5961daf9c12bc5ae6f58291abf410b7322bc,0x57e6903ee58822ad6b40eb05117b1f308e49ef67,0xe592427a0aece92de3edee1f18e0157c05861564,0,300000,106251630,25985560,2026-09-15T21:30:23+00:00,177,1
0xb0479ec44d04ad402bdf27e96d63c96be6f976533277a7e7f14889b18d7f6daa,0x04c6cfff9f7e8f0797c553341f869f54b410884f,0xe592427a0aece92de3edee1f18e0157c05861564,0,300000,106251630,25985560,2026-09-15T21:30:23+00:00,213,1
0x93b887e18e30df3af305e1037c1772141345c722f4a36aa026c7158072b0ee86,0x898975abecfe8c722c9307d797aefb155f65b826,0xe592427a0aece92de3edee1f18e0157c05861564,0,300000,106251630,25985560,2026-09-15T21:30:23+00:00,217,1
0x3fd9f568b8e92a530c72f6b1cc4bd35734c459ec2046cc5595cbecbb4db110b5,0xe455fc5b0e46bb3fc17d09d75d6092c803316ba9,0xe592427a0aece92de3edee1f18e0157c05861564,0,300000,67362595,25985539,2026-09-15T21:26:11+00:00,2986,1
0x969b58548a7707411e9a54becca94b4599daea0d8066b19cbf10cb7ef4edaec3,0x18ee5d25ce9c738cf4c2a8f7628f936d6cc5ec61,0xe592427a0aece92de3edee1f18e0157c05861564,0,300000,67362595,25985539,2026-09-15T21:26:11+00:00,3063,1
0x12619b55e77ea09f466b682fd1cbfa9b81f81193f28235952a0aa490c4a43390,0xe7699f58eb5947d58c09fc864ef5ac9046544952,0xe592427a0aece92de3edee1f18e0157c05861564,0,300000,67362595,25985539,2026-09-15T21:26:11+00:00,2984,1
0x8a21004f4fbb3e58f51030af2ef8ece9f81a8c8dd01e0f4c7657aa4b900c3d82,0x2c618c80788d7d708cbfda507ce452ca1fa06812,0xe592427a0aece92de3edee1f18e0157c05861564,0,300000,70000375,25985517,2026-09-15T21:21:47+00:00,2992,1
0x9a3ed0c296833b4e5755b4119bca46ccf37e50c4589851ba7968c996b665d5b3,0x1ee2bab782e1a75637e61516d7f29922fcc31b1d,0xe592427a0aece92de3edee1f18e0157c05861564,0,300000,70000375,25985517,2026-09-15T21:21:47+00:00,2975,1
0xec048bb4066c2071778ae7e51eb18522bf149b73da3b2e8bf5ddaa99c1c8c347,0x89b127a06c93773b95fc0ac04dac4f1a2c85c692,0xe592427a0aece92de3edee1f18e0157c05861564,0,300000,70000375,25985517,2026-09-15T21:21:47+00:00,3028,1
0xff76d2685880e84964a6282c2094b41f91ee212d6e5cec1087dc5a204189b288,0x45ec61fc247b211eb3e33bb2328df5299df189ea,0xe592427a0aece92de3edee1f18e0157c05861564,0,300000,139684692,25985500,2026-09-15T21:18:23+00:00,207,1
0x9b786e79bc146f810643826a91643e0c68a0f988a3f54ffed5b3906e1ae47507,0xf06ab8334613073514de5a57960e0267d55da338,0xe592427a0aece92de3edee1f18e0157c05861564,0,300000,139684692,25985498,2026-09-15T21:17:59+00:00,215,1
0xe03993ff7272d0384837289a9ff52c5a4880cb67601a2d36df2a747db834d763,0xf3af78a4d8ee055887e9f82994d0288450dab0a3,0xe592427a0aece92de3edee1f18e0157c05861564,0,300000,139684692,25985497,2026-09-15T21:17:47+00:00,223,1
0x4f63984d253eeec8ab6b43e463e9b76d76d040b93f3b5676743ca663aa7c2313,0x2c618c80788d7d708cbfda507ce452ca1fa06812,0xe592427a0aece92de3edee1f18e0157c05861564,0,300000,90779727,25985493,2026-09-15T21:16:59+00:00,2991,1
0xb3159e961086896048787645cce5f300f1f3dca1813dc5353ad7fccb33c980b4,0x6ffb71e3c9c0f8ec2dbdcf19c1a1a8cf8ace6b18,0xe592427a0aece92de3edee1f18e0157c05861564,0,300000,90779727,25985493,2026-09-15T21:16:59+00:00,3046,1
0xdda8cf8748dc5e66fe3f2d073e64766dfee35a8382e2dd9a7a20bc73e66cb640,0xa5c437100c7e6ca315013e519852c7ad3054bddf,0xe592427a0aece92de3edee1f18e0157c05861564,0,300000,90779727,25985493,2026-09-15T21:16:59+00:00,2989,1
0x82086bb291d03704d8df5684dbe3dc9bb3944637c78e99f3602325602c6ae442,0xa567b16b8f7f6dac4869ddfba79f868cb8e98663,0xe592427a0aece92de3edee1f18e0157c05861564,0,136121,77207642,25985472,2026-09-15T21:12:47+00:00,89,1
0x150d2c5493763d53834ad864980a7f51335867cb59e82f3aa4a5337e580785bf,0xfa8e25b534d8bfa2000b65548c4574365b340cc4,0xe592427a0aece92de3edee1f18e0157c05861564,0,300000,94963080,25985469,2026-09-15T21:12:11+00:00,2973,1
0x24dc2d5994343cc6b1113454aa9e3623f50bce0c3d56ef9d47b20c6602848c36,0xe7699f58eb5947d58c09fc864ef5ac9046544952,0xe592427a0aece92de3edee1f18e0157c05861564,0,300000,94963080,25985469,2026-09-15T21:12:11+00:00,2983,1
0x105cf557169dec464baf95af6f51e6b186bc4a265977c836256ba8c365b81ab3,0x13200d9645118e0823857dfb9d9dcaa88430cd7b,0xe592427a0aece92de3edee1f18e0157c05861564,0,300000,94963080,25985469,2026-09-15T21:12:11+00:00,2948,1
0xf169ff9ed2ba31fdade2c7239434deb19a0270e6c23fc93d447fd4a154beccb9,0x38c3a2c9ba81a04852a9b7e9d84358bc45df4282,0xe592427a0aece92de3edee1f18e0157c05861564,0,300000,163173712,25985448,2026-09-15T21:07:59+00:00,232,1
0x0d90898a1a7a399edd997ce4faf2e3f99b8a32b94234f26563188e06ac55defc,0x2c618c80788d7d708cbfda507ce452ca1fa06812,0xe592427a0aece92de3edee1f18e0157c05861564,0,300000,107490996,25985447,2026-09-15T21:07:47+00:00,2990,1
0xe54336d0e5357889fb3e5f95cdbfaa4795f26d66b2c519cd67a8107ae6d7dfc5,0x89b127a06c93773b95fc0ac04dac4f1a2c85c692,0xe592427a0aece92de3edee1f18e0157c05861564,0,300000,107490996,25985447,2026-09-15T21:07:47+00:00,3027,1
0x192a2d777f03aef70216b7497657d98edd0ca00b818afd724e57d4f7fbf3d65d,0x18ee5d25ce9c738cf4c2a8f7628f936d6cc5ec61,0xe592427a0aece92de3edee1f18e0157c05861564,0,300000,107490996,25985447,2026-09-15T21:07:47+00:00,3062,1
0x43beb8459cb78ec30d23cdad128e1ef83789ef73ce2c01013c457f37659a67ed,0x898975abecfe8c722c9307d797aefb155f65b826,0xe592427a0aece92de3edee1f18e0157c05861564,0,300000,163173712,25985446,2026-09-15T21:07:35+00:00,216,1
0xb1ce9f5b8aaa3aa978a9859bf2e82b658c3d4527f69b9b78870c1a72403859f3,0xf3af78a4d8ee055887e9f82994d0288450dab0a3,0xe592427a0aece92de3edee1f18e0157c05861564,0,300000,163173712,25985444,2026-09-15T21:06:59+00:00,222,1
0x00cfc568014908dcda6adb1502de482071f8a377f2f299d9b6be0e81953ac0e2,0x923489cbb30f861fa60bae5c5c4e8e81bc13caf9,0xe592427a0aece92de3edee1f18e0157c05861564,0,166290,92094486,25985439,2026-09-15T21:05:59+00:00,4747,1
0x46d24eaff9781a57543308b7031ff8f941fabcc5c601d2d37e38143aa511b9e1,0x923489cbb30f861fa60bae5c5c4e8e81bc13caf9,0xe592427a0aece92de3edee1f18e0157c05861564,0,164237,87921269,25985435,2026-09-15T21:05:11+00:00,4744,1
0x95e3f4d342c18c00ac161c2a9570f30fb044cd82e9e2d94b213d39d7df1e3991,0x3556c474c88f0690af2d298e8437b2823073d68c,0xe592427a0aece92de3edee1f18e0157c05861564,0,307950,124211841,25985417,2026-09-15T21:01:35+00:00,355,1
0x502a23b0f4492ba0e72504453b72723a842a67f0e1c63193d0cf91a536a52662,0xe455fc5b0e46bb3fc17d09d75d6092c803316ba9,0xe592427a0aece92de3edee1f18e0157c05861564,0,300000,151688947,25985415,2026-09-15T21:01:11+00:00,2985,1
0x4d4bafb9ccbb986c8bed4320861d56e1470b997902408b8b05ddf70f00f4ae62,0xe7699f58eb5947d58c09fc864ef5ac9046544952,0xe592427a0aece92de3edee1f18e0157c05861564,0,300000,151688947,25985415,2026-09-15T21:01:11+00:00,2982,1
0x175b6cff2b607628bfefe9750365c1e3e821dd17a02565b22f99575555a08585,0x1ee2bab782e1a75637e61516d7f29922fcc31b1d,0xe592427a0aece92de3edee1f18e0157c05861564,0,300000,151688947,25985415,2026-09-15T21:01:11+00:00,2974,1
0x6066b1fd5428a82d148c4222f06a631d90570f7dfd85a8ca135f75488e4a655e,0x3556c474c88f0690af2d298e8437b2823073d68c,0xe592427a0aece92de3edee1f18e0157c05861564,0,203065,123762250,25985413,2026-09-15T21:00:47+00:00,351,1
0x5531dd7098e0fc54167b5cef6f762d0f9cf917e73e2140f516a24d2354998b75,0x13200d9645118e0823857dfb9d9dcaa88430cd7b,0xe592427a0aece92de3edee1f18e0157c05861564,0,300000,128583042,25985400,2026-09-15T20:58:11+00:00,2947,1
0xdadd6c606ba4916ea7c121fefe0543b5874c98bd920c65557184c0b3fed0523f,0xe455fc5b0e46bb3fc17d09d75d6092c803316ba9,0xe592427a0aece92de3edee1f18e0157c05861564,0,300000,128583042,25985400,2026-09-15T20:58:11+00:00,2984,1
0xa1f65d4c246f78ac61067f16490b0737a242baf40907d9aaf462a094a89019be,0x4d45572cb736dd608f081887368fa96c36a292aa,0xe592427a0aece92de3edee1f18e0157c05861564,0,300000,128583042,25985400,2026-09-15T20:58:11+00:00,2889,1
0xb015971b22a071c71c9329d79b5f44a195fa199919d918173d668517aec08861,0xbb574a3652b9eaa21204035b726efbfe3ecb9a7f,0xe592427a0aece92de3edee1f18e0157c05861564,0,300000,202056302,25985399,2026-09-15T20:57:59+00:00,196,1
0x64e5a91d5524adad7cec52796bf083e767d7493193da6f969fdb3a793f0f043c,0xf3af78a4d8ee055887e9f82994d0288450dab0a3,0xe592427a0aece92de3edee1f18e0157c05861564,0,300000,202056302,25985398,2026-09-15T20:57:47+00:00,221,1
0xae399d98ed14cf0bc8fcb2b3a119c70f7a43deb025c40a8158beb03d0fce95eb,0x0e93a0e925567fca25d265bf1c0a13aeba73c47a,0xe592427a0aece92de3edee1f18e0157c05861564,0,300000,202056302,25985397,2026-09-15T20:57:35+00:00,191,1
0x623879863a020b41a18a346be38c3a6b75c28cea615cb9f3d7796d02bcb2ddd1,0xf7aebaf5c09a626e34fe22713dafa2e648fd1176,0xe592427a0aece92de3edee1f18e0157c05861564,0,128008,92773045,25985380,2026-09-15T20:54:11+00:00,80,1
0x4f8e5d2211feb6395f63a0ec86b3983994f691b286a0b142da498c3ecb5f018e,0x1ee2bab782e1a75637e61516d7f29922fcc31b1d,0xe592427a0aece92de3edee1f18e0157c05861564,0,300000,126219995,25985371,2026-09-15T20:52:23+00:00,2973,1
0x072d213a2624db7083baae6ccac123327e80f9eb3905e456da6ce4e3dc5c2307,0x4d45572cb736dd608f081887368fa96c36a292aa,0xe592427a0aece92de3edee1f18e0157c05861564,0,300000,126219995,25985371,2026-09-15T20:52:23+00:00,2888,1
0x21cbafb83831ef7f73bf0d90f6dcd66590ba76f961e70c743e7a2fcdcb97c2b8,0x89b127a06c93773b95fc0ac04dac4f1a2c85c692,0xe592427a0aece92de3edee1f18e0157c05861564,0,300000,126219995,25985371,2026-09-15T20:52:23+00:00,3026,1
0xd529780553b407b44d317b8eb1f95b2f952fb5dbea041e05fb021bd5f49d046b,0xe7699f58eb5947d58c09fc864ef5ac9046544952,0xe592427a0aece92de3edee1f18e0157c05861564,0,300000,141542741,25985342,2026-09-15T20:46:35+00:00,2981,1
0xbde1f14b6df159079aa8d0173c1d20ee49aad0df9a607bbee21136678f6eedf0,0x510ed4d42ea65173e0446641a15a8600e8fa9bc8,0xe592427a0aece92de3edee1f18e0157c05861564,0,300000,141542741,25985342,2026-09-15T20:46:35+00:00,3028,1
0x2087a1cf778c8b17a076942647fd35db677913b4349a818c67f3c49112fb68aa,0x6ffb71e3c9c0f8ec2dbdcf19c1a1a8cf8ace6b18,0xe592427a0aece92de3edee1f18e0157c05861564,0,300000,141542741,25985342,2026-09-15T20:46:35+00:00,3045,1
0x761d80c37ba13ba5763f492c40b4815a009bf9883f5dbd424d3521594cf6009d,0x45ec61fc247b211eb3e33bb2328df5299df189ea,0xe592427a0aece92de3edee1f18e0157c05861564,0,300000,198788008,25985341,2026-09-15T20:46:23+00:00,206,1
0x9ca17e6ae5cf121a2084f3a731b9d6f56b0357c99d136484ef25c131fa423ed9,0xf3af78a4d8ee055887e9f82994d0288450dab0a3,0xe592427a0aece92de3edee1f18e0157c05861564,0,300000,198788008,25985338,2026-09-15T20:45:47+00:00,220,1
0x8f3ba663b45463175177618232e469eba8de8ef1e564a600ee562ad06d9a246e,0xf3e5ba17f1f2aec662eb18a55e1d2daba645ddb4,0xe592427a0aece92de3edee1f18e0157c05861564,0,300000,198788008,25985335,2026-09-15T20:44:59+00:00,195,1
0xaa3d728379f25b8e704a53484d6154a62935b386005470ba361ead76eef1721c,0xe7699f58eb5947d58c09fc864ef5ac9046544952,0xe592427a0aece92de3edee1f18e0157c05861564,0,300000,135336862,25985318,2026-09-15T20:41:35+00:00,2980,1
0xe1124aa0928acd1154d487b7f29c5741581005a0f900013d89251b2b48b60e3a,0x89b127a06c93773b95fc0ac04dac4f1a2c85c692,0xe592427a0aece92de3edee1f18e0157c05861564,0,300000,135336862,25985318,2026-09-15T20:41:35+00:00,3025,1
0xece461efe3c6cf372cff1b383333ded1c088d9cf0cbd4b2c11a710f92c8ebcfb,0x4d45572cb736dd608f081887368fa96c36a292aa,0xe592427a0aece92de3edee1f18e0157c05861564,0,300000,135336862,25985318,2026-09-15T20:41:35+00:00,2887,1
0x814f5e6f73117b6a09811c637b894bf41c0a8dc8908d68b27bb4db813196abdb,0x1abaac10d18714d006a1b58badd9367aa198ec81,0xe592427a0aece92de3edee1f18e0157c05861564,0,176012,113366247,25985313,2026-09-15T20:40:35+00:00,2882,1
0xffb2c75a258573d17f4d3fd8e5f404435b23c4118f40eb46556bc876afc0e873,0x6ffb71e3c9c0f8ec2dbdcf19c1a1a8cf8ace6b18,0xe592427a0aece92de3edee1f18e0157c05861564,0,300000,154930081,25985298,2026-09-15T20:37:35+00:00,3044,1
0x4a757ac172ccae31ede24e59f65386f8ee470ac8006f757b967ab3074df5848a,0x1ee2bab782e1a75637e61516d7f29922fcc31b1d,0xe592427a0aece92de3edee1f18e0157c05861564,0,300000,154930081,25985298,2026-09-15T20:37:35+00:00,2972,1
0x350b8241ce5117636203d242235ddb610df848ba17f1460202158d34a75f7e46,0xe7699f58eb5947d58c09fc864ef5ac9046544952,0xe592427a0aece92de3edee1f18e0157c05861564,0,300000,154930081,25985298,2026-09-15T20:37:35+00:00,2979,1
0xf8d52fcc6a55e2f3b647d4d3bbe573318791fa13d3fb5c5e73481f4fa0841583,0x99d5092e10f77c70197bb7fe1d654fd5aa1f7d3a,0xe592427a0aece92de3edee1f18e0157c05861564,0,120252,123874065,25985297,2026-09-15T20:37:23+00:00,4122,1
0x902503f6e47cd286aa7cb9551cda3e1877c60df9a3b9cb0a63e4969239e73755,0xbb574a3652b9eaa21204035b726efbfe3ecb9a7f,0xe592427a0aece92de3edee1f18e0157c05861564,0,300000,285182698,25985294,2026-09-15T20:36:47+00:00,195,1
0xe59dccfc1af45dd32c764fb76cd3667ae69947560eb58122e7b60193e8f4460b,0x0e93a0e925567fca25d265bf1c0a13aeba73c47a,0xe592427a0aece92de3edee1f18e0157c05861564,0,300000,285182698,25985289,2026-09-15T20:35:47+00:00,190,1
0x5f640445e4fdb7ec12ed0bbf15849f145204e687a4becc077b5b4b4aa6e92887,0x38c3a2c9ba81a04852a9b7e9d84358bc45df4282,0xe592427a0aece92de3edee1f18e0157c05861564,0,300000,285182698,25985288,2026-09-15T20:35:35+00:00,231,1
0x0e64bcdde500c6f1a14eb1a80f95dd8a65f9c0a0277d31e1024ae1d9a80adb43,0xbed3487df8efab373518b59a2b1c4f58cf7fac30,0xe592427a0aece92de3edee1f18e0157c05861564,0,149043,248911815,25985282,2026-09-15T20:34:23+00:00,452,1
0x828420fe3b33c8f17927c17b5ec2579bea2f06423f7c9fb5ded44a6e6d1ecd67,0x64f888efaeb574ade9b341a7ee4284391f3e86ca,0xe592427a0aece92de3edee1f18e0157c05861564,0,300000,177887626,25985268,2026-09-15T20:31:35+00:00,3029,1
0x6b7760b6c5609724dd0a54a13de9fd54c0acdedde24c81bfbb06f44c49ff2aeb,0x18ee5d25ce9c738cf4c2a8f7628f936d6cc5ec61,0xe592427a0aece92de3edee1f18e0157c05861564,0,300000,177887626,25985268,2026-09-15T20:31:35+00:00,3061,1
0xdf9ecbe72fe516ec50b39538ce09dc0a5c0f69d0d30e9cb7340375f400021867,0x13200d9645118e0823857dfb9d9dcaa88430cd7b,0xe592427a0aece92de3edee1f18e0157c05861564,0,300000,177887626,25985268,2026-09-15T20:31:35+00:00,2946,1
0xf290bf68096f946b886376f8b2eb333f0b182842f9c205daba24b2f2ad3e7c5f,0x1ee2bab782e1a75637e61516d7f29922fcc31b1d,0xe592427a0aece92de3edee1f18e0157c05861564,0,300000,168843881,25985241,2026-09-15T20:26:11+00:00,2971,1
0xf4a4c7665a60d0b8edea73dd5383c55ada1e60da008617d27fa4b6e277f026b9,0xe7699f58eb5947d58c09fc864ef5ac9046544952,0xe592427a0aece92de3edee1f18e0157c05861564,0,300000,168843881,25985241,2026-09-15T20:26:11+00:00,2978,1
0x660fbcf3c1a1272890bebf8d0151997b1b76ac4c6f3f4bb5e90fe8a3d2a5a0ac,0x6ffb71e3c9c0f8ec2dbdcf19c1a1a8cf8ace6b18,0xe592427a0aece92de3edee1f18e0157c05861564,0,300000,168843881,25985241,2026-09-15T20:26:11+00:00,3043,1
0x3682de3695e1aed30b7f030758ef38a4bb595b6717316c9db5192d29c9be20da,0x45ec61fc247b211eb3e33bb2328df5299df189ea,0xe592427a0aece92de3edee1f18e0157c05861564,0,300000,251676998,25985236,2026-09-15T20:25:11+00:00,205,1
0x82a0172814eee0814cce80af741e2ad87f54caa94f92184b702e0078cf7af448,0xac2fab79ef70708081027c2c89b94bf5995c8317,0xe592427a0aece92de3edee1f18e0157c05861564,0,136166,116593252,25985235,2026-09-15T20:24:59+00:00,101,1
0x959a25ed42c67cbc23e52e1776015eae250f698517e02de96288290407b1c575,0xee6fd6b63ffa0a23524c31baa8f68b934aaba0e4,0xe592427a0aece92de3edee1f18e0157c05861564,0,210380,127702086,25985234,2026-09-15T20:24:47+00:00,49,1
0xfac84eb6cbca8ea8a6345fbf9bca36a6d5b3c103a5fe0b9e5b0ac7c7f040a0ac,0xf85cb3cbab045a760b7b3594a387289cdcc039ec,0xe592427a0aece92de3edee1f18e0157c05861564,0,300000,251676998,25985232,2026-09-15T20:24:23+00:00,193,1
0x24b76c9b254db6f94db68ffb635430242fd9a96a738bec169f3623325ba37a5f,0x0e93a0e925567fca25d265bf1c0a13aeba73c47a,0xe592427a0aece92de3edee1f18e0157c05861564,0,300000,251676998,25985228,2026-09-15T20:23:35+00:00,189,1
0xdda295be4e22fe5d40ace219874b9f04c412c18b95789e11c1518049e6847c7f,0xf18d517e29b326e054404ab8673cb640fb8ab652,0xe592427a0aece92de3edee1f18e0157c05861564,0,300000,150986036,25985226,2026-09-15T20:23:11+00:00,3081,1
0x5e3d1fe69da3811e7cb8015df4ca9c982a573a8491c71f2099d7d9e0f608d254,0x4d45572cb736dd608f081887368fa96c36a292aa,0xe592427a0aece92de3edee1f18e0157c05861564,0,300000,150986036,25985226,2026-09-15T20:23:11+00:00,2886,1
0x0c3a5be3210982e29b368993b1e794382fe0101dcfe170efd5a2d699a512cb30,0x1ee2bab782e1a75637e61516d7f29922fcc31b1d,0xe592427a0aece92de3edee1f18e0157c05861564,0,300000,150986036,25985226,2026-09-15T20:23:11+00:00,2970,1
0x6858c013fdc49fb3cf0393f4835798202f442c96d5466a54426addd062c2af12,0xbed3487df8efab373518b59a2b1c4f58cf7fac30,0xe592427a0aece92de3edee1f18e0157c05861564,0,148974,239174383,25985224,2026-09-15T20:22:47+00:00,451,1
0x257dd00be46e6a8d57a8a06a16522f791e2a61d34c131ce313d40ef7d0f2d5fa,0xf204f3acb05c405c0010f2a2ecfa9fe61783f1d1,0xe592427a0aece92de3edee1f18e0157c05861564,0,400000,694071264,25985221,2026-09-15T20:22:11+00:00,71694,1
0x6d12eac448670d38b81a82d45eecb3abca1655e53719a6bffaf2736633ac5ed4,0xf204f3acb05c405c0010f2a2ecfa9fe61783f1d1,0xe592427a0aece92de3edee1f18e0157c05861564,0,400000,693602228,25985220,2026-09-15T20:21:59+00:00,71693,1
0x36ab3f893e867b283e233754c8a64a01ba2e9c1371c6c54a2de748cd7a6877d7,0x1ee2bab782e1a75637e61516d7f29922fcc31b1d,0xe592427a0aece92de3edee1f18e0157c05861564,0,300000,147133835,25985191,2026-09-15T20:16:11+00:00,2969,1
0x2325363bccc80ca53cd66d56c5ff6c7548e54990d8c156cbb8f8dcc35486ec2c,0x89b127a06c93773b95fc0ac04dac4f1a2c85c692,0xe592427a0aece92de3edee1f18e0157c05861564,0,300000,147133835,25985191,2026-09-15T20:16:11+00:00,3024,1
0x310872d3995cd03b314d9460559105e4bb8faa0485815a2123851077962f2778,0x64f888efaeb574ade9b341a7ee4284391f3e86ca,0xe592427a0aece92de3edee1f18e0157c05861564,0,300000,147133835,25985191,2026-09-15T20:16:11+00:00,3028,1
0xccca8708aa096b9329380e858d2e18f6ca7e3f3b8d3bbf129f24364e5cd68dcb,0x3556c474c88f0690af2d298e8437b2823073d68c,0xe592427a0aece92de3edee1f18e0157c05861564,0,275693,122637068,25985189,2026-09-15T20:15:47+00:00,347,1
0x1fdcdf9ef17cba248474a65522644beaebca6eb3e98772bb1f9b128a184f5015,0xe2f74abdb62a24cd1621c6be173498a84428745e,0xe592427a0aece92de3edee1f18e0157c05861564,0,300000,199736374,25985179,2026-09-15T20:13:47+00:00,215,1
0x9eb40167fce89b49bf3ff4857133159648cc65125cf2ac3f293c5932faac6978,0x0e93a0e925567fca25d265bf1c0a13aeba73c47a,0xe592427a0aece92de3edee1f18e0157c05861564,0,300000,199736374,25985179,2026-09-15T20:13:47+00:00,188,1
0xfcba1ee76fac3b9fa864d9df1d1ed54bab90b5bf713b4d110082f0e683fe7f4e,0xf85cb3cbab045a760b7b3594a387289cdcc039ec,0xe592427a0aece92de3edee1f18e0157c05861564,0,300000,199736374,25985178,2026-09-15T20:13:35+00:00,192,1
0x45545614adb4344f64d8d093e64265f4ed77d257a9ffb1d4a678c7d2795bdec4,0x64f888efaeb574ade9b341a7ee4284391f3e86ca,0xe592427a0aece92de3edee1f18e0157c05861564,0,300000,133490898,25985173,2026-09-15T20:12:35+00:00,3027,1
0xb3199754a872cad5c6bb4186653ebfe47a053d2a27f8fa7f95c34387fd57dbee,0x13200d9645118e0823857dfb9d9dcaa88430cd7b,0xe592427a0aece92de3edee1f18e0157c05861564,0,300000,133490898,25985173,2026-09-15T20:12:35+00:00,2945,1
0x76ceb4b5380c62f0a06c6318b4d305b4ea2eb1af10d7ad5a839111545f2a19d8,0xa5c437100c7e6ca315013e519852c7ad3054bddf,0xe592427a0aece92de3edee1f18e0157c05861564,0,300000,133490898,25985173,2026-09-15T20:12:35+00:00,2988,1
0xfce310368de491e22812205b4ad576f7f23a026451552c0478524af43af25c58,0xee6fd6b63ffa0a23524c31baa8f68b934aaba0e4,0xe592427a0aece92de3edee1f18e0157c05861564,0,161449,126728302,25985163,2026-09-15T20:10:35+00:00,48,1
0x9d55cb44361879b6b76cc986b2a6ca4973044e67cb89403d5abf2067b1ce545c,0xee6fd6b63ffa0a23524c31baa8f68b934aaba0e4,0xe592427a0aece92de3edee1f18e0157c05861564,0,311688,126048312,25985162,2026-09-15T20:10:23+00:00,47,1
0x3efb64b0582cfec89d98e0e58250dc6aee76cf5c6319371e3ccd315eff708b84,0x4d45572cb736dd608f081887368fa96c36a292aa,0xe592427a0aece92de3edee1f18e0157c05861564,0,300000,147297640,25985148,2026-09-15T20:07:35+00:00,2885,1
0x22852bc3b14c7cc5a8653b1553448413103115b6625782aeb1abf4ef0fcebc1f,0xe7699f58eb5947d58c09fc864ef5ac9046544952,0xe592427a0aece92de3edee1f18e0157c05861564,0,300000,147297640,25985148,2026-09-15T20:07:35+00:00,2977,1
0x97a44ffecfc0f1d3589e4d5391d3d45860f04f8975d917685c958f62392b35a8,0x2c618c80788d7d708cbfda507ce452ca1fa06812,0xe592427a0aece92de3edee1f18e0157c05861564,0,300000,147297640,25985148,2026-09-15T20:07:35+00:00,2989,1
0x8c5facdc7ff06c4d7edebccbf5e9d526b1460dfbbe1dbeae6b7c7459350dbce9,0xfa8e25b534d8bfa2000b65548c4574365b340cc4,0xe592427a0aece92de3edee1f18e0157c05861564,0,300000,156708831,25985126,2026-09-15T20:03:11+00:00,2972,1
0xfd645a7742d7ff78a0fa033727c52f52c253d9a43a408701671395ca43ae8c52,0x2c618c80788d7d708cbfda507ce452ca1fa06812,0xe592427a0aece92de3edee1f18e0157c05861564,0,300000,156708831,25985126,2026-09-15T20:03:11+00:00,2988,1
0xfd1f48cb7967d6053ab1f3e366ad9434041779fe7eff432e6f08dcc71b28f7d4,0x64f888efaeb574ade9b341a7ee4284391f3e86ca,0xe592427a0aece92de3edee1f18e0157c05861564,0,300000,156708831,25985126,2026-09-15T20:03:11+00:00,3026,1
0xf8f9030172281bb87c796b168ea86e34d17c562bdec6ac9a85c9adc8ec4ed20d,0x04c6cfff9f7e8f0797c553341f869f54b410884f,0xe592427a0aece92de3edee1f18e0157c05861564,0,300000,270225888,25985122,2026-09-15T20:02:23+00:00,212,1
